Zoo buss algusaeg,Toomparki jÃµudmise aeg,kulunud aeg,kuupÃ¤ev
07:56:33,08:09:57,00:13:24,15.05.25
08:07:35,08:20:27,00:12:52,15.05.25
08:18:36,08:30:55,00:12:19,15.05.25
08:28:34,08:42:16,00:13:42,15.05.25
08:40:10,08:59:24,00:19:14,15.05.25
08:49:24,09:06:59,00:17:35,15.05.25
09:00:27,09:15:54,00:15:27,15.05.25
09:11:59,09:26:38,00:14:39,15.05.25
07:56:09,08:08:32,00:12:23,16.05.25
08:05:55,08:17:53,00:11:58,16.05.25
08:17:09,08:31:06,00:13:57,16.05.25
08:29:12,08:45:12,00:16:00,16.05.25
08:38:57,08:52:12,00:13:15,16.05.25
08:51:29,09:04:49,00:13:20,16.05.25
09:01:30,09:14:35,00:13:05,16.05.25
09:14:20,09:28:01,00:13:41,16.05.25
07:54:58,08:08:46,00:13:48,19.05.25
08:08:46,08:22:04,00:13:18,19.05.25
08:17:18,08:32:33,00:15:15,19.05.25
08:30:10,08:45:28,00:15:18,19.05.25
08:40:39,09:02:27,00:21:48,19.05.25
08:48:49,09:10:07,00:21:18,19.05.25
09:01:01,09:19:13,00:18:12,19.05.25
09:13:26,09:28:01,00:14:35,19.05.25
07:56:22,08:10:50,00:14:28,20.05.25
08:06:22,08:19:01,00:12:39,20.05.25
puudu
08:29:16,08:45:10,00:15:54,20.05.25
08:40:25,08:57:05,00:16:40,20.05.25
08:49:54,09:05:41,00:15:47,20.05.25
09:00:10,09:13:12,00:13:02,20.05.25
09:13:55,09:28:02,00:14:07,20.05.25
07:56:24,08:09:56,00:13:32,21.05.25
08:06:13,08:19:02,00:12:49,21.05.25
08:19:02,08:34:04,00:15:02,21.05.25
08:29:57,08:43:47,00:13:50,21.05.25
08:39:23,08:54:28,00:15:05,21.05.25
08:49:28,09:02:44,00:13:16,21.05.25
09:00:19,09:13:01,00:12:42,21.05.25
puudu
07:55:03,08:09:13,00:14:10,23.05.25
08:06:47,08:20:21,00:13:34,23.05.25
08:17:01,08:31:29,00:14:28,23.05.25
08:29:18,08:44:23,00:15:05,23.05.25
08:38:48,08:53:42,00:14:54,23.05.25
08:48:33,09:04:25,00:15:52,23.05.25
puudu
09:11:45,09:25:02,00:13:17,23.05.25
07:54:23,08:08:30,00:14:07,26.05.25
08:06:35,08:19:42,00:13:07,26.05.25
08:16:51,08:31:06,00:14:15,26.05.25
08:29:24,08:46:32,00:17:08,26.05.25
08:39:44,08:58:00,00:18:16,26.05.25
puudu
09:00:26,09:13:05,00:12:39,26.05.25
09:12:22,09:24:56,00:12:34,26.05.25
07:56:23,08:08:26,00:12:03,27.05.25
08:07:43,08:22:03,00:14:20,27.05.25
08:18:08,08:33:08,00:15:00,27.05.25
08:30:00,08:44:36,00:14:36,27.05.25
08:38:31,08:56:17,00:17:46,27.05.25
08:49:27,09:02:20,00:12:53,27.05.25
puudu
09:12:44,09:25:07,00:12:23,27.05.25
