Zoo buss algusaeg,Toomparki jõudmise aeg,kulunud aeg,kuupäev
07:56:33,08:09:57,00:13:24,15.05.25
08:07:35,08:20:27,00:12:52,15.05.25
08:18:36,08:30:55,00:12:19,15.05.25
08:28:34,08:42:16,00:13:42,15.05.25
08:40:10,08:59:24,00:19:14,15.05.25
08:49:24,09:06:59,00:17:35,15.05.25
09:00:27,09:15:54,00:15:27,15.05.25
09:11:59,09:26:38,00:14:39,15.05.25
09:24:17,09:38:32,00:14:15,15.05.25
09:37:59,09:52:16,00:14:17,15.05.25
09:49:55,10:03:37,00:13:42,15.05.25
10:02:33,10:16:03,00:13:30,15.05.25
10:16:34,10:30:17,00:13:43,15.05.25
10:31:54,10:46:00,00:14:06,15.05.25
07:56:09,08:08:32,00:12:23,16.05.25
08:05:55,08:17:53,00:11:58,16.05.25
08:17:09,08:31:06,00:13:57,16.05.25
08:29:12,08:45:12,00:16:00,16.05.25
08:38:57,08:52:12,00:13:15,16.05.25
08:51:29,09:04:49,00:13:20,16.05.25
09:01:30,09:14:35,00:13:05,16.05.25
09:14:20,09:28:01,00:13:41,16.05.25
09:24:08,09:37:06,00:12:58,16.05.25
09:37:34,09:50:23,00:12:49,16.05.25
09:50:23,10:04:00,00:13:37,16.05.25
10:02:17,10:15:16,00:12:59,16.05.25
07:54:58,08:08:46,00:13:48,19.05.25
08:08:46,08:22:04,00:13:18,19.05.25
08:17:18,08:32:33,00:15:15,19.05.25
08:30:10,08:45:28,00:15:18,19.05.25
08:40:39,09:02:27,00:21:48,19.05.25
08:48:49,09:10:07,00:21:18,19.05.25
09:01:01,09:19:13,00:18:12,19.05.25
09:13:26,09:28:01,00:14:35,19.05.25
09:23:59,09:37:37,00:13:38,19.05.25
09:38:19,09:50:34,00:12:15,19.05.25
09:51:04,10:05:39,00:14:35,19.05.25
07:56:22,08:10:50,00:14:28,20.05.25
08:06:22,08:19:01,00:12:39,20.05.25
08:29:16,08:45:10,00:15:54,20.05.25
08:40:25,08:57:05,00:16:40,20.05.25
08:49:54,09:05:41,00:15:47,20.05.25
09:00:10,09:13:12,00:13:02,20.05.25
09:13:55,09:28:02,00:14:07,20.05.25
09:24:25,09:37:38,00:13:13,20.05.25
09:37:10,09:50:36,00:13:26,20.05.25
09:50:36,10:05:29,00:14:53,20.05.25
